wp-content/uploads/2010/03/article-british-pavilion-1‎.jpg	wp-content/uploads/2010/03/article-british-pavilion-1.jpg
wp-content/uploads/2010/03/article-british-pavilion-1‎-320x200.jpg	wp-content/uploads/2010/03/article-british-pavilion-1-320x200.jpg
wp-content/uploads/2010/03/article-british-pavilion-1‎-600x400.jpg	wp-content/uploads/2010/03/article-british-pavilion-1-600x400.jpg
wp-content/uploads/2010/03/article-british-pavilion-1‎-640x400.jpg	wp-content/uploads/2010/03/article-british-pavilion-1-640x400.jpg
wp-content/uploads/2024/01/MaterialDistrictUtrecht_Pressimage2024_?www.rootfull.com_RootTextile_by_Rootfull-scaled.jpeg	wp-content/uploads/2024/01/MaterialDistrictUtrecht_Pressimage2024_-www.rootfull.com_RootTextile_by_Rootfull-scaled.jpeg
wp-content/uploads/2024/01/MaterialDistrictUtrecht_Pressimage2024_?IlcoKemmere-1-scaled.jpg	wp-content/uploads/2024/01/MaterialDistrictUtrecht_Pressimage2024_-IlcoKemmere-1-scaled.jpg
wp-content/uploads/2024/01/MaterialDistrictUtrecht_Pressimage2024_?IlcoKemmere-2-scaled.jpg	wp-content/uploads/2024/01/MaterialDistrictUtrecht_Pressimage2024_-IlcoKemmere-2-scaled.jpg
wp-content/uploads/2024/01/MaterialDistrictUtrecht_Pressimage2024_?IlcoKemmere-3-scaled.jpg	wp-content/uploads/2024/01/MaterialDistrictUtrecht_Pressimage2024_-IlcoKemmere-3-scaled.jpg
wp-content/uploads/2024/01/MaterialDistrictUtrecht_Pressimage2024_?IlcoKemmere-4-scaled.jpg	wp-content/uploads/2024/01/MaterialDistrictUtrecht_Pressimage2024_-IlcoKemmere-4-scaled.jpg
wp-content/uploads/2024/01/MaterialDistrictUtrecht_Pressimage2024_?IlcoKemmere-5-scaled.jpg	wp-content/uploads/2024/01/MaterialDistrictUtrecht_Pressimage2024_-IlcoKemmere-5-scaled.jpg
wp-content/uploads/2024/01/MaterialDistrictUtrecht_Pressimage2024_?IlcoKemmere-6-scaled.jpg	wp-content/uploads/2024/01/MaterialDistrictUtrecht_Pressimage2024_-IlcoKemmere-6-scaled.jpg
wp-content/uploads/2024/01/MaterialDistrictUtrecht_Pressimage2024_?IlcoKemmere-7-scaled.jpg	wp-content/uploads/2024/01/MaterialDistrictUtrecht_Pressimage2024_-IlcoKemmere-7-scaled.jpg
wp-content/uploads/2024/01/MaterialDistrictUtrecht_Pressimage2024_?IlcoKemmere-8-scaled.jpg	wp-content/uploads/2024/01/MaterialDistrictUtrecht_Pressimage2024_-IlcoKemmere-8-scaled.jpg
wp-content/uploads/2024/01/MaterialDistrictUtrecht_Pressimage2024_?IlcoKemmere-9-scaled.jpg	wp-content/uploads/2024/01/MaterialDistrictUtrecht_Pressimage2024_-IlcoKemmere-9-scaled.jpg
wp-content/uploads/2024/01/MaterialDistrictUtrecht_Pressimage2024_?IlcoKemmere-10-scaled.jpg	wp-content/uploads/2024/01/MaterialDistrictUtrecht_Pressimage2024_-IlcoKemmere-10-scaled.jpg
wp-content/uploads/2024/01/MaterialDistrictUtrecht_Pressimage2024_?IlcoKemmere-11-scaled.jpg	wp-content/uploads/2024/01/MaterialDistrictUtrecht_Pressimage2024_-IlcoKemmere-11-scaled.jpg
wp-content/uploads/2024/01/MaterialDistrictUtrecht_Pressimage2024_?IlcoKemmere-12-scaled.jpg	wp-content/uploads/2024/01/MaterialDistrictUtrecht_Pressimage2024_-IlcoKemmere-12-scaled.jpg
wp-content/uploads/2024/01/MaterialDistrictUtrecht_Pressimage2024_?IlcoKemmere-13-scaled.jpg	wp-content/uploads/2024/01/MaterialDistrictUtrecht_Pressimage2024_-IlcoKemmere-13-scaled.jpg
wp-content/uploads/2024/01/MaterialDistrictUtrecht_Pressimage2024_?IlcoKemmere-14-scaled.jpg	wp-content/uploads/2024/01/MaterialDistrictUtrecht_Pressimage2024_-IlcoKemmere-14-scaled.jpg
wp-content/uploads/2024/01/MaterialDistrictUtrecht_Pressimage2024_?IlcoKemmere-15-scaled.jpg	wp-content/uploads/2024/01/MaterialDistrictUtrecht_Pressimage2024_-IlcoKemmere-15-scaled.jpg
wp-content/uploads/2024/01/MaterialDistrictUtrecht_Pressimage2024_?SarelJansen_FromTheUndergroundTiles_by_JeffreyStephenMiller_.jpg	wp-content/uploads/2024/01/MaterialDistrictUtrecht_Pressimage2024_-SarelJansen_FromTheUndergroundTiles_by_JeffreyStephenMiller.jpg
wp-content/uploads/2024/03/MaterialDistrictUtrecht2024_?VioricaCernica_LR-10-scaled.jpg	wp-content/uploads/2024/03/MaterialDistrictUtrecht2024_-VioricaCernica_LR-10-scaled.jpg
wp-content/uploads/2024/03/MaterialDistrictUtrecht2024_?VioricaCernica_LR-28-scaled.jpg	wp-content/uploads/2024/03/MaterialDistrictUtrecht2024_-VioricaCernica_LR-28-scaled.jpg
wp-content/uploads/2024/03/MaterialDistrictUtrecht2024_?VioricaCernica_LR-40-scaled.jpg	wp-content/uploads/2024/03/MaterialDistrictUtrecht2024_-VioricaCernica_LR-40-scaled.jpg
wp-content/uploads/2024/03/MaterialDistrictUtrecht2024_?VioricaCernica_LR-54-scaled.jpg	wp-content/uploads/2024/03/MaterialDistrictUtrecht2024_-VioricaCernica_LR-54-scaled.jpg
wp-content/uploads/2024/03/MaterialDistrictUtrecht2024_?VioricaCernica_LR-69-scaled.jpg	wp-content/uploads/2024/03/MaterialDistrictUtrecht2024_-VioricaCernica_LR-69-scaled.jpg
wp-content/uploads/2024/03/MaterialDistrictUtrecht2024_?VioricaCernica_LR-102-scaled.jpg	wp-content/uploads/2024/03/MaterialDistrictUtrecht2024_-VioricaCernica_LR-102-scaled.jpg
wp-content/uploads/2024/03/MaterialDistrictUtrecht2024_?VioricaCernica_LR-110-scaled.jpg	wp-content/uploads/2024/03/MaterialDistrictUtrecht2024_-VioricaCernica_LR-110-scaled.jpg
wp-content/uploads/2024/03/MaterialDistrictUtrecht2024_?VioricaCernica_LR-130-scaled.jpg	wp-content/uploads/2024/03/MaterialDistrictUtrecht2024_-VioricaCernica_LR-130-scaled.jpg
wp-content/uploads/2024/03/MaterialDistrictUtrecht2024_?VioricaCernica_LR-134-scaled.jpg	wp-content/uploads/2024/03/MaterialDistrictUtrecht2024_-VioricaCernica_LR-134-scaled.jpg
wp-content/uploads/2024/03/MaterialDistrictUtrecht2024_?VioricaCernica_LR-162-scaled.jpg	wp-content/uploads/2024/03/MaterialDistrictUtrecht2024_-VioricaCernica_LR-162-scaled.jpg
wp-content/uploads/2024/03/MaterialDistrictUtrecht2024_?VioricaCernica_LR-182-scaled.jpg	wp-content/uploads/2024/03/MaterialDistrictUtrecht2024_-VioricaCernica_LR-182-scaled.jpg
wp-content/uploads/2024/03/MaterialDistrictUtrecht2024_?VioricaCernica_LR-219-scaled.jpg	wp-content/uploads/2024/03/MaterialDistrictUtrecht2024_-VioricaCernica_LR-219-scaled.jpg
wp-content/uploads/2024/03/MaterialDistrictUtrecht2024_?VioricaCernica_LR-225-scaled.jpg	wp-content/uploads/2024/03/MaterialDistrictUtrecht2024_-VioricaCernica_LR-225-scaled.jpg
wp-content/uploads/2024/03/MaterialDistrictUtrecht2024_?VioricaCernica_LR-249-scaled.jpg	wp-content/uploads/2024/03/MaterialDistrictUtrecht2024_-VioricaCernica_LR-249-scaled.jpg
wp-content/uploads/2024/03/MaterialDistrictUtrecht2024_?VioricaCernica_LR-266-scaled.jpg	wp-content/uploads/2024/03/MaterialDistrictUtrecht2024_-VioricaCernica_LR-266-scaled.jpg
wp-content/uploads/2024/03/MaterialDistrictUtrecht2024_?VioricaCernica_LR-272-scaled.jpg	wp-content/uploads/2024/03/MaterialDistrictUtrecht2024_-VioricaCernica_LR-272-scaled.jpg
wp-content/uploads/2024/03/MaterialDistrictUtrecht2024_?VioricaCernica_LR-290-scaled.jpg	wp-content/uploads/2024/03/MaterialDistrictUtrecht2024_-VioricaCernica_LR-290-scaled.jpg
wp-content/uploads/2024/03/MaterialDistrictUtrecht2024_?VioricaCernica_LR-297-scaled.jpg	wp-content/uploads/2024/03/MaterialDistrictUtrecht2024_-VioricaCernica_LR-297-scaled.jpg
wp-content/uploads/2024/03/MaterialDistrictUtrecht2024_?VioricaCernica_LR-333-scaled.jpg	wp-content/uploads/2024/03/MaterialDistrictUtrecht2024_-VioricaCernica_LR-333-scaled.jpg
wp-content/uploads/2024/03/MaterialDistrictUtrecht2024_?VioricaCernica_LR-367-scaled.jpg	wp-content/uploads/2024/03/MaterialDistrictUtrecht2024_-VioricaCernica_LR-367-scaled.jpg
wp-content/uploads/2024/03/MaterialDistrictUtrecht2024_?VioricaCernica_LR-371-scaled.jpg	wp-content/uploads/2024/03/MaterialDistrictUtrecht2024_-VioricaCernica_LR-371-scaled.jpg
wp-content/uploads/2024/03/MaterialDistrictUtrecht2024_?VioricaCernica_LR-399-scaled.jpg	wp-content/uploads/2024/03/MaterialDistrictUtrecht2024_-VioricaCernica_LR-399-scaled.jpg
wp-content/uploads/2024/03/MaterialDistrictUtrecht2024_?VioricaCernica_LR-407-scaled.jpg	wp-content/uploads/2024/03/MaterialDistrictUtrecht2024_-VioricaCernica_LR-407-scaled.jpg
wp-content/uploads/2024/03/MaterialDistrictUtrecht2024_?VioricaCernica_LR-422-scaled.jpg	wp-content/uploads/2024/03/MaterialDistrictUtrecht2024_-VioricaCernica_LR-422-scaled.jpg
wp-content/uploads/2024/03/MaterialDistrictUtrecht2024_?VioricaCernica_LR-428-scaled.jpg	wp-content/uploads/2024/03/MaterialDistrictUtrecht2024_-VioricaCernica_LR-428-scaled.jpg
wp-content/uploads/2024/03/MaterialDistrictUtrecht2024_?VioricaCernica_LR-518-scaled.jpg	wp-content/uploads/2024/03/MaterialDistrictUtrecht2024_-VioricaCernica_LR-518-scaled.jpg
wp-content/uploads/2024/03/MaterialDistrictUtrecht2024_?VioricaCernica_LR-539-scaled.jpg	wp-content/uploads/2024/03/MaterialDistrictUtrecht2024_-VioricaCernica_LR-539-scaled.jpg
wp-content/uploads/2024/03/MaterialDistrictUtrecht2024_?VioricaCernica_LR-551-scaled.jpg	wp-content/uploads/2024/03/MaterialDistrictUtrecht2024_-VioricaCernica_LR-551-scaled.jpg
wp-content/uploads/2024/06/MaterialDistrictUtrecht2024_?VioricaCernica_LR-1-scaled.jpg	wp-content/uploads/2024/06/MaterialDistrictUtrecht2024_-VioricaCernica_LR-1-scaled.jpg
wp-content/uploads/2024/06/MaterialDistrictUtrecht2024_?VioricaCernica_LR-2-scaled.jpg	wp-content/uploads/2024/06/MaterialDistrictUtrecht2024_-VioricaCernica_LR-2-scaled.jpg
wp-content/uploads/2024/06/MaterialDistrictUtrecht2024_?VioricaCernica_LR-10-scaled.jpg	wp-content/uploads/2024/06/MaterialDistrictUtrecht2024_-VioricaCernica_LR-10-scaled.jpg
wp-content/uploads/2024/06/MaterialDistrictUtrecht2024_?VioricaCernica_LR-28-scaled.jpg	wp-content/uploads/2024/06/MaterialDistrictUtrecht2024_-VioricaCernica_LR-28-scaled.jpg
wp-content/uploads/2024/06/MaterialDistrictUtrecht2024_?VioricaCernica_LR-40-scaled.jpg	wp-content/uploads/2024/06/MaterialDistrictUtrecht2024_-VioricaCernica_LR-40-scaled.jpg
wp-content/uploads/2024/06/MaterialDistrictUtrecht2024_?VioricaCernica_LR-44-scaled.jpg	wp-content/uploads/2024/06/MaterialDistrictUtrecht2024_-VioricaCernica_LR-44-scaled.jpg
wp-content/uploads/2024/06/MaterialDistrictUtrecht2024_?VioricaCernica_LR-45-scaled.jpg	wp-content/uploads/2024/06/MaterialDistrictUtrecht2024_-VioricaCernica_LR-45-scaled.jpg
wp-content/uploads/2024/06/MaterialDistrictUtrecht2024_?VioricaCernica_LR-47-scaled.jpg	wp-content/uploads/2024/06/MaterialDistrictUtrecht2024_-VioricaCernica_LR-47-scaled.jpg
wp-content/uploads/2024/06/MaterialDistrictUtrecht2024_?VioricaCernica_LR-70-scaled.jpg	wp-content/uploads/2024/06/MaterialDistrictUtrecht2024_-VioricaCernica_LR-70-scaled.jpg
wp-content/uploads/2024/06/MaterialDistrictUtrecht2024_?VioricaCernica_LR-88-scaled.jpg	wp-content/uploads/2024/06/MaterialDistrictUtrecht2024_-VioricaCernica_LR-88-scaled.jpg
wp-content/uploads/2024/06/MaterialDistrictUtrecht2024_?VioricaCernica_LR-130-scaled.jpg	wp-content/uploads/2024/06/MaterialDistrictUtrecht2024_-VioricaCernica_LR-130-scaled.jpg
wp-content/uploads/2024/06/MaterialDistrictUtrecht2024_?VioricaCernica_LR-549-scaled.jpg	wp-content/uploads/2024/06/MaterialDistrictUtrecht2024_-VioricaCernica_LR-549-scaled.jpg
wp-content/uploads/2024/06/Scherm­afbeelding-2024-06-20-om-14.57.53.png	wp-content/uploads/2024/06/Scherm-afbeelding-2024-06-20-om-14.57.53.png
wp-content/uploads/2024/06/Scherm­afbeelding-2024-06-20-om-14.57.53-640x350.png	wp-content/uploads/2024/06/Scherm-afbeelding-2024-06-20-om-14.57.53-640x350.png
wp-content/uploads/2024/06/Scherm­afbeelding-2024-06-20-om-14.57.53-960x526.png	wp-content/uploads/2024/06/Scherm-afbeelding-2024-06-20-om-14.57.53-960x526.png
wp-content/uploads/2024/06/Scherm­afbeelding-2024-06-20-om-14.57.53-320x200.png	wp-content/uploads/2024/06/Scherm-afbeelding-2024-06-20-om-14.57.53-320x200.png
wp-content/uploads/2024/06/Scherm­afbeelding-2024-06-20-om-14.57.53-768x420.png	wp-content/uploads/2024/06/Scherm-afbeelding-2024-06-20-om-14.57.53-768x420.png
wp-content/uploads/2024/06/Scherm­afbeelding-2024-06-20-om-14.57.53-1536x841.png	wp-content/uploads/2024/06/Scherm-afbeelding-2024-06-20-om-14.57.53-1536x841.png
wp-content/uploads/2024/06/Scherm­afbeelding-2024-06-20-om-14.57.53-660x300.png	wp-content/uploads/2024/06/Scherm-afbeelding-2024-06-20-om-14.57.53-660x300.png
wp-content/uploads/2024/06/Scherm­afbeelding-2024-06-21-om-14.17.30.png	wp-content/uploads/2024/06/Scherm-afbeelding-2024-06-21-om-14.17.30.png
wp-content/uploads/2024/06/Scherm­afbeelding-2024-06-21-om-14.17.30-640x355.png	wp-content/uploads/2024/06/Scherm-afbeelding-2024-06-21-om-14.17.30-640x355.png
wp-content/uploads/2024/06/Scherm­afbeelding-2024-06-21-om-14.17.30-960x532.png	wp-content/uploads/2024/06/Scherm-afbeelding-2024-06-21-om-14.17.30-960x532.png
wp-content/uploads/2024/06/Scherm­afbeelding-2024-06-21-om-14.17.30-320x200.png	wp-content/uploads/2024/06/Scherm-afbeelding-2024-06-21-om-14.17.30-320x200.png
wp-content/uploads/2024/06/Scherm­afbeelding-2024-06-21-om-14.17.30-768x426.png	wp-content/uploads/2024/06/Scherm-afbeelding-2024-06-21-om-14.17.30-768x426.png
wp-content/uploads/2024/06/Scherm­afbeelding-2024-06-21-om-14.17.30-1536x851.png	wp-content/uploads/2024/06/Scherm-afbeelding-2024-06-21-om-14.17.30-1536x851.png
wp-content/uploads/2024/06/Scherm­afbeelding-2024-06-21-om-14.17.30-660x300.png	wp-content/uploads/2024/06/Scherm-afbeelding-2024-06-21-om-14.17.30-660x300.png
wp-content/uploads/2023/05/MaterialDistrict_SuperSkins_ARCHITECT@WORK_?Pablo-Treselj-10_001.jpg	wp-content/uploads/2023/05/MaterialDistrict_SuperSkins_ARCHITECT-WORK_-Pablo-Treselj-10_001.jpg
wp-content/uploads/2023/05/MaterialDistrict_SuperSkins_ARCHITECT@WORK_?Pablo-Treselj-8_002.jpg	wp-content/uploads/2023/05/MaterialDistrict_SuperSkins_ARCHITECT-WORK_-Pablo-Treselj-8_002.jpg
wp-content/uploads/2023/05/MaterialDistrict_SuperSkins_ARCHITECT@WORK_?Aectual-1_003.jpg	wp-content/uploads/2023/05/MaterialDistrict_SuperSkins_ARCHITECT-WORK_-Aectual-1_003.jpg
wp-content/uploads/2023/05/MaterialDistrict_SuperSkins_ARCHITECT@WORK_?Aectual-2_004.jpg	wp-content/uploads/2023/05/MaterialDistrict_SuperSkins_ARCHITECT-WORK_-Aectual-2_004.jpg
wp-content/uploads/2023/05/MaterialDistrict_SuperSkins_ARCHITECT@WORK_?Pablo-Treselj-11_005.jpg	wp-content/uploads/2023/05/MaterialDistrict_SuperSkins_ARCHITECT-WORK_-Pablo-Treselj-11_005.jpg
wp-content/uploads/2023/05/MaterialDistrict_SuperSkins_ARCHITECT@WORK_?Pablo-Treselj-3_006.jpg	wp-content/uploads/2023/05/MaterialDistrict_SuperSkins_ARCHITECT-WORK_-Pablo-Treselj-3_006.jpg
wp-content/uploads/2025/02/Scherm­afbeelding-2025-02-27-om-09.14.39.png	wp-content/uploads/2025/02/Scherm-afbeelding-2025-02-27-om-09.14.39.png
wp-content/uploads/2025/02/Scherm­afbeelding-2025-02-27-om-09.14.39-602x400.png	wp-content/uploads/2025/02/Scherm-afbeelding-2025-02-27-om-09.14.39-602x400.png
wp-content/uploads/2025/02/Scherm­afbeelding-2025-02-27-om-09.14.39-320x200.png	wp-content/uploads/2025/02/Scherm-afbeelding-2025-02-27-om-09.14.39-320x200.png
wp-content/uploads/2025/02/Scherm­afbeelding-2025-02-27-om-09.14.39-768x511.png	wp-content/uploads/2025/02/Scherm-afbeelding-2025-02-27-om-09.14.39-768x511.png
wp-content/uploads/2025/02/Scherm­afbeelding-2025-02-27-om-09.14.39-660x300.png	wp-content/uploads/2025/02/Scherm-afbeelding-2025-02-27-om-09.14.39-660x300.png
wp-content/uploads/2025/02/Scherm­afbeelding-2025-02-27-om-09.56.11.png	wp-content/uploads/2025/02/Scherm-afbeelding-2025-02-27-om-09.56.11.png
wp-content/uploads/2025/02/Scherm­afbeelding-2025-02-27-om-09.56.11-599x400.png	wp-content/uploads/2025/02/Scherm-afbeelding-2025-02-27-om-09.56.11-599x400.png
wp-content/uploads/2025/02/Scherm­afbeelding-2025-02-27-om-09.56.11-320x200.png	wp-content/uploads/2025/02/Scherm-afbeelding-2025-02-27-om-09.56.11-320x200.png
wp-content/uploads/2025/02/Scherm­afbeelding-2025-02-27-om-09.56.11-768x513.png	wp-content/uploads/2025/02/Scherm-afbeelding-2025-02-27-om-09.56.11-768x513.png
wp-content/uploads/2025/02/Scherm­afbeelding-2025-02-27-om-09.56.11-660x300.png	wp-content/uploads/2025/02/Scherm-afbeelding-2025-02-27-om-09.56.11-660x300.png
wp-content/uploads/2025/03/Scherm­afbeelding-2025-03-18-om-13.01.17.png	wp-content/uploads/2025/03/Scherm-afbeelding-2025-03-18-om-13.01.17.png
wp-content/uploads/2025/03/Scherm­afbeelding-2025-03-18-om-13.01.17-640x360.png	wp-content/uploads/2025/03/Scherm-afbeelding-2025-03-18-om-13.01.17-640x360.png
wp-content/uploads/2025/03/Scherm­afbeelding-2025-03-18-om-13.01.17-960x541.png	wp-content/uploads/2025/03/Scherm-afbeelding-2025-03-18-om-13.01.17-960x541.png
wp-content/uploads/2025/03/Scherm­afbeelding-2025-03-18-om-13.01.17-320x200.png	wp-content/uploads/2025/03/Scherm-afbeelding-2025-03-18-om-13.01.17-320x200.png
wp-content/uploads/2025/03/Scherm­afbeelding-2025-03-18-om-13.01.17-768x433.png	wp-content/uploads/2025/03/Scherm-afbeelding-2025-03-18-om-13.01.17-768x433.png
wp-content/uploads/2025/03/Scherm­afbeelding-2025-03-18-om-13.01.17-660x300.png	wp-content/uploads/2025/03/Scherm-afbeelding-2025-03-18-om-13.01.17-660x300.png
wp-content/uploads/2025/03/Scherm­afbeelding-2025-03-18-om-13.03.14.png	wp-content/uploads/2025/03/Scherm-afbeelding-2025-03-18-om-13.03.14.png
wp-content/uploads/2025/03/Scherm­afbeelding-2025-03-18-om-13.03.14-640x355.png	wp-content/uploads/2025/03/Scherm-afbeelding-2025-03-18-om-13.03.14-640x355.png
wp-content/uploads/2025/03/Scherm­afbeelding-2025-03-18-om-13.03.14-320x200.png	wp-content/uploads/2025/03/Scherm-afbeelding-2025-03-18-om-13.03.14-320x200.png
wp-content/uploads/2025/03/Scherm­afbeelding-2025-03-18-om-13.03.14-768x426.png	wp-content/uploads/2025/03/Scherm-afbeelding-2025-03-18-om-13.03.14-768x426.png
wp-content/uploads/2025/03/Scherm­afbeelding-2025-03-18-om-13.03.14-660x300.png	wp-content/uploads/2025/03/Scherm-afbeelding-2025-03-18-om-13.03.14-660x300.png
wp-content/uploads/2025/03/Scherm­afbeelding-2025-03-18-om-13.06.13.png	wp-content/uploads/2025/03/Scherm-afbeelding-2025-03-18-om-13.06.13.png
wp-content/uploads/2025/03/Scherm­afbeelding-2025-03-18-om-13.06.13-640x357.png	wp-content/uploads/2025/03/Scherm-afbeelding-2025-03-18-om-13.06.13-640x357.png
wp-content/uploads/2025/03/Scherm­afbeelding-2025-03-18-om-13.06.13-320x200.png	wp-content/uploads/2025/03/Scherm-afbeelding-2025-03-18-om-13.06.13-320x200.png
wp-content/uploads/2025/03/Scherm­afbeelding-2025-03-18-om-13.06.13-768x428.png	wp-content/uploads/2025/03/Scherm-afbeelding-2025-03-18-om-13.06.13-768x428.png
wp-content/uploads/2025/03/Scherm­afbeelding-2025-03-18-om-13.06.13-660x300.png	wp-content/uploads/2025/03/Scherm-afbeelding-2025-03-18-om-13.06.13-660x300.png
wp-content/uploads/2025/03/Scherm­afbeelding-2025-03-18-om-13.08.43.png	wp-content/uploads/2025/03/Scherm-afbeelding-2025-03-18-om-13.08.43.png
wp-content/uploads/2025/03/Scherm­afbeelding-2025-03-18-om-13.08.43-640x360.png	wp-content/uploads/2025/03/Scherm-afbeelding-2025-03-18-om-13.08.43-640x360.png
wp-content/uploads/2025/03/Scherm­afbeelding-2025-03-18-om-13.08.43-320x200.png	wp-content/uploads/2025/03/Scherm-afbeelding-2025-03-18-om-13.08.43-320x200.png
wp-content/uploads/2025/03/Scherm­afbeelding-2025-03-18-om-13.08.43-768x432.png	wp-content/uploads/2025/03/Scherm-afbeelding-2025-03-18-om-13.08.43-768x432.png
wp-content/uploads/2025/03/Scherm­afbeelding-2025-03-18-om-13.08.43-660x300.png	wp-content/uploads/2025/03/Scherm-afbeelding-2025-03-18-om-13.08.43-660x300.png
wp-content/uploads/2025/03/Scherm­afbeelding-2025-03-18-om-13.11.10.png	wp-content/uploads/2025/03/Scherm-afbeelding-2025-03-18-om-13.11.10.png
wp-content/uploads/2025/03/Scherm­afbeelding-2025-03-18-om-13.11.10-640x357.png	wp-content/uploads/2025/03/Scherm-afbeelding-2025-03-18-om-13.11.10-640x357.png
wp-content/uploads/2025/03/Scherm­afbeelding-2025-03-18-om-13.11.10-320x200.png	wp-content/uploads/2025/03/Scherm-afbeelding-2025-03-18-om-13.11.10-320x200.png
wp-content/uploads/2025/03/Scherm­afbeelding-2025-03-18-om-13.11.10-768x429.png	wp-content/uploads/2025/03/Scherm-afbeelding-2025-03-18-om-13.11.10-768x429.png
wp-content/uploads/2025/03/Scherm­afbeelding-2025-03-18-om-13.11.10-660x300.png	wp-content/uploads/2025/03/Scherm-afbeelding-2025-03-18-om-13.11.10-660x300.png
wp-content/uploads/2025/03/MaterialDistrictUtrecht2025_?VioricaCernica_LR-9-scaled.jpg	wp-content/uploads/2025/03/MaterialDistrictUtrecht2025_-VioricaCernica_LR-9-scaled.jpg
wp-content/uploads/2025/03/MaterialDistrictUtrecht2025_?VioricaCernica_LR-18-scaled.jpg	wp-content/uploads/2025/03/MaterialDistrictUtrecht2025_-VioricaCernica_LR-18-scaled.jpg
wp-content/uploads/2025/03/MaterialDistrictUtrecht2025_?VioricaCernica_LR-28-scaled.jpg	wp-content/uploads/2025/03/MaterialDistrictUtrecht2025_-VioricaCernica_LR-28-scaled.jpg
wp-content/uploads/2025/03/MaterialDistrictUtrecht2025_?VioricaCernica_LR-110-scaled.jpg	wp-content/uploads/2025/03/MaterialDistrictUtrecht2025_-VioricaCernica_LR-110-scaled.jpg
wp-content/uploads/2025/03/MaterialDistrictUtrecht2025_?VioricaCernica_LR-133-scaled.jpg	wp-content/uploads/2025/03/MaterialDistrictUtrecht2025_-VioricaCernica_LR-133-scaled.jpg
wp-content/uploads/2025/03/MaterialDistrictUtrecht2025_?VioricaCernica_LR-152-scaled.jpg	wp-content/uploads/2025/03/MaterialDistrictUtrecht2025_-VioricaCernica_LR-152-scaled.jpg
wp-content/uploads/2025/03/MaterialDistrictUtrecht2025_?VioricaCernica_LR-221-scaled.jpg	wp-content/uploads/2025/03/MaterialDistrictUtrecht2025_-VioricaCernica_LR-221-scaled.jpg
wp-content/uploads/2025/03/MaterialDistrictUtrecht2025_?VioricaCernica_LR-248-scaled.jpg	wp-content/uploads/2025/03/MaterialDistrictUtrecht2025_-VioricaCernica_LR-248-scaled.jpg
wp-content/uploads/2025/03/MaterialDistrictUtrecht2025_?VioricaCernica_LR-323-scaled.jpg	wp-content/uploads/2025/03/MaterialDistrictUtrecht2025_-VioricaCernica_LR-323-scaled.jpg
wp-content/uploads/2025/03/MaterialDistrictUtrecht2025_?VioricaCernica_LR-329-scaled.jpg	wp-content/uploads/2025/03/MaterialDistrictUtrecht2025_-VioricaCernica_LR-329-scaled.jpg
wp-content/uploads/2025/03/MaterialDistrictUtrecht2025_?VioricaCernica_LR-342-scaled.jpg	wp-content/uploads/2025/03/MaterialDistrictUtrecht2025_-VioricaCernica_LR-342-scaled.jpg
wp-content/uploads/2025/03/MaterialDistrictUtrecht2025_?VioricaCernica_LR-438-scaled.jpg	wp-content/uploads/2025/03/MaterialDistrictUtrecht2025_-VioricaCernica_LR-438-scaled.jpg
wp-content/uploads/2014/08/Scherm­afbeelding-2025-03-25-om-13.17.14.png	wp-content/uploads/2014/08/Scherm-afbeelding-2025-03-25-om-13.17.14.png
wp-content/uploads/2025/08/MaterialDistrictUtrecht2025_?VioricaCernica_LR-98-scaled.jpg	wp-content/uploads/2025/08/MaterialDistrictUtrecht2025_-VioricaCernica_LR-98-scaled.jpg
wp-content/uploads/2025/08/MaterialDistrictUtrecht2025_?VioricaCernica_LR-99-scaled.jpg	wp-content/uploads/2025/08/MaterialDistrictUtrecht2025_-VioricaCernica_LR-99-scaled.jpg
wp-content/uploads/2025/08/MaterialDistrictUtrecht2025_?VioricaCernica_LR-110-scaled-1.jpg	wp-content/uploads/2025/08/MaterialDistrictUtrecht2025_-VioricaCernica_LR-110-scaled-1.jpg
wp-content/uploads/2025/08/MaterialDistrictUtrecht2025_?VioricaCernica_LR-168-scaled.jpg	wp-content/uploads/2025/08/MaterialDistrictUtrecht2025_-VioricaCernica_LR-168-scaled.jpg
wp-content/uploads/2025/08/MaterialDistrictUtrecht2025_?VioricaCernica_LR-175-scaled.jpg	wp-content/uploads/2025/08/MaterialDistrictUtrecht2025_-VioricaCernica_LR-175-scaled.jpg
wp-content/uploads/2025/08/MaterialDistrictUtrecht2025_?VioricaCernica_LR-191-scaled.jpg	wp-content/uploads/2025/08/MaterialDistrictUtrecht2025_-VioricaCernica_LR-191-scaled.jpg
wp-content/uploads/2025/08/MaterialDistrictUtrecht2025_?VioricaCernica_LR-221-scaled-1.jpg	wp-content/uploads/2025/08/MaterialDistrictUtrecht2025_-VioricaCernica_LR-221-scaled-1.jpg
wp-content/uploads/2025/08/MaterialDistrictUtrecht2025_?VioricaCernica_LR-329-scaled-1.jpg	wp-content/uploads/2025/08/MaterialDistrictUtrecht2025_-VioricaCernica_LR-329-scaled-1.jpg
wp-content/uploads/2025/08/MaterialDistrictUtrecht2025_?VioricaCernica_LR-372-scaled.jpg	wp-content/uploads/2025/08/MaterialDistrictUtrecht2025_-VioricaCernica_LR-372-scaled.jpg
wp-content/uploads/2025/08/MaterialDistrictUtrecht2025_?VioricaCernica_LR-438-scaled-1.jpg	wp-content/uploads/2025/08/MaterialDistrictUtrecht2025_-VioricaCernica_LR-438-scaled-1.jpg
wp-content/uploads/2025/08/MaterialDistrictUtrecht2025_?VioricaCernica_LR-9-scaled-1.jpg	wp-content/uploads/2025/08/MaterialDistrictUtrecht2025_-VioricaCernica_LR-9-scaled-1.jpg
wp-content/uploads/2025/08/MaterialDistrictUtrecht2025_?VioricaCernica_LR-11-scaled.jpg	wp-content/uploads/2025/08/MaterialDistrictUtrecht2025_-VioricaCernica_LR-11-scaled.jpg
wp-content/uploads/2025/08/MaterialDistrictUtrecht2025_?VioricaCernica_LR-22-scaled.jpg	wp-content/uploads/2025/08/MaterialDistrictUtrecht2025_-VioricaCernica_LR-22-scaled.jpg
wp-content/uploads/2025/08/MaterialDistrictUtrecht2025_?VioricaCernica_LR-79-scaled.jpg	wp-content/uploads/2025/08/MaterialDistrictUtrecht2025_-VioricaCernica_LR-79-scaled.jpg
wp-content/uploads/2025/08/MaterialDistrictUtrecht2025_?VioricaCernica_LR-95-scaled.jpg	wp-content/uploads/2025/08/MaterialDistrictUtrecht2025_-VioricaCernica_LR-95-scaled.jpg
wp-content/uploads/2025/08/MaterialDistrictUtrecht2025_?VioricaCernica_LR-96-scaled.jpg	wp-content/uploads/2025/08/MaterialDistrictUtrecht2025_-VioricaCernica_LR-96-scaled.jpg
wp-content/uploads/2025/08/MaterialDistrictUtrecht2025_?VioricaCernica_LR-133-scaled-1.jpg	wp-content/uploads/2025/08/MaterialDistrictUtrecht2025_-VioricaCernica_LR-133-scaled-1.jpg
wp-content/uploads/2025/08/MaterialDistrictUtrecht2025_?VioricaCernica_LR-184-scaled.jpg	wp-content/uploads/2025/08/MaterialDistrictUtrecht2025_-VioricaCernica_LR-184-scaled.jpg
wp-content/uploads/2025/08/MaterialDistrictUtrecht2025_?VioricaCernica_LR-186-scaled.jpg	wp-content/uploads/2025/08/MaterialDistrictUtrecht2025_-VioricaCernica_LR-186-scaled.jpg
wp-content/uploads/2025/08/MaterialDistrictUtrecht2025_?VioricaCernica_LR-204-scaled.jpg	wp-content/uploads/2025/08/MaterialDistrictUtrecht2025_-VioricaCernica_LR-204-scaled.jpg
wp-content/uploads/2025/08/MaterialDistrictUtrecht2025_?VioricaCernica_LR-220-scaled.jpg	wp-content/uploads/2025/08/MaterialDistrictUtrecht2025_-VioricaCernica_LR-220-scaled.jpg
wp-content/uploads/2025/08/MaterialDistrictUtrecht2025_?VioricaCernica_LR-309-scaled.jpg	wp-content/uploads/2025/08/MaterialDistrictUtrecht2025_-VioricaCernica_LR-309-scaled.jpg
wp-content/uploads/2026/01/Scherm­afbeelding-2026-01-16-om-15.45.48.png	wp-content/uploads/2026/01/Scherm-afbeelding-2026-01-16-om-15.45.48.png
wp-content/uploads/2026/01/Scherm­afbeelding-2026-01-16-om-15.45.48-562x400.png	wp-content/uploads/2026/01/Scherm-afbeelding-2026-01-16-om-15.45.48-562x400.png
wp-content/uploads/2026/01/Scherm­afbeelding-2026-01-16-om-15.45.48-960x683.png	wp-content/uploads/2026/01/Scherm-afbeelding-2026-01-16-om-15.45.48-960x683.png
wp-content/uploads/2026/01/Scherm­afbeelding-2026-01-16-om-15.45.48-320x200.png	wp-content/uploads/2026/01/Scherm-afbeelding-2026-01-16-om-15.45.48-320x200.png
wp-content/uploads/2026/01/Scherm­afbeelding-2026-01-16-om-15.45.48-768x546.png	wp-content/uploads/2026/01/Scherm-afbeelding-2026-01-16-om-15.45.48-768x546.png
wp-content/uploads/2026/01/Scherm­afbeelding-2026-01-16-om-15.45.48-1536x1092.png	wp-content/uploads/2026/01/Scherm-afbeelding-2026-01-16-om-15.45.48-1536x1092.png
wp-content/uploads/2026/01/Scherm­afbeelding-2026-01-16-om-15.45.48-660x300.png	wp-content/uploads/2026/01/Scherm-afbeelding-2026-01-16-om-15.45.48-660x300.png
wp-content/uploads/2026/01/Scherm­afbeelding-2026-01-16-om-15.45.28.png	wp-content/uploads/2026/01/Scherm-afbeelding-2026-01-16-om-15.45.28.png
wp-content/uploads/2026/01/Scherm­afbeelding-2026-01-16-om-15.45.28-495x400.png	wp-content/uploads/2026/01/Scherm-afbeelding-2026-01-16-om-15.45.28-495x400.png
wp-content/uploads/2026/01/Scherm­afbeelding-2026-01-16-om-15.45.28-960x776.png	wp-content/uploads/2026/01/Scherm-afbeelding-2026-01-16-om-15.45.28-960x776.png
wp-content/uploads/2026/01/Scherm­afbeelding-2026-01-16-om-15.45.28-320x200.png	wp-content/uploads/2026/01/Scherm-afbeelding-2026-01-16-om-15.45.28-320x200.png
wp-content/uploads/2026/01/Scherm­afbeelding-2026-01-16-om-15.45.28-768x621.png	wp-content/uploads/2026/01/Scherm-afbeelding-2026-01-16-om-15.45.28-768x621.png
wp-content/uploads/2026/01/Scherm­afbeelding-2026-01-16-om-15.45.28-1536x1242.png	wp-content/uploads/2026/01/Scherm-afbeelding-2026-01-16-om-15.45.28-1536x1242.png
wp-content/uploads/2026/01/Scherm­afbeelding-2026-01-16-om-15.45.28-660x300.png	wp-content/uploads/2026/01/Scherm-afbeelding-2026-01-16-om-15.45.28-660x300.png
wp-content/uploads/2026/06/Scherm­afbeelding-2026-06-17-om-15.07.42.png	wp-content/uploads/2026/06/Scherm-afbeelding-2026-06-17-om-15.07.42.png
wp-content/uploads/2026/06/Scherm­afbeelding-2026-06-17-om-15.07.42-100x100.png	wp-content/uploads/2026/06/Scherm-afbeelding-2026-06-17-om-15.07.42-100x100.png
wp-content/uploads/2026/06/Scherm­afbeelding-2026-06-17-om-15.11.34.png	wp-content/uploads/2026/06/Scherm-afbeelding-2026-06-17-om-15.11.34.png
wp-content/uploads/2026/06/Scherm­afbeelding-2026-06-17-om-15.11.34-320x200.png	wp-content/uploads/2026/06/Scherm-afbeelding-2026-06-17-om-15.11.34-320x200.png
wp-content/uploads/2026/06/Scherm­afbeelding-2026-06-17-om-15.11.34-300x202.png	wp-content/uploads/2026/06/Scherm-afbeelding-2026-06-17-om-15.11.34-300x202.png
wp-content/uploads/2026/06/Scherm­afbeelding-2026-06-17-om-15.11.34-100x100.png	wp-content/uploads/2026/06/Scherm-afbeelding-2026-06-17-om-15.11.34-100x100.png
wp-content/uploads/2026/06/Scherm­afbeelding-2026-06-16-om-20.41.31.png	wp-content/uploads/2026/06/Scherm-afbeelding-2026-06-16-om-20.41.31.png
wp-content/uploads/2026/06/Scherm­afbeelding-2026-06-16-om-20.41.31-640x182.png	wp-content/uploads/2026/06/Scherm-afbeelding-2026-06-16-om-20.41.31-640x182.png
wp-content/uploads/2026/06/Scherm­afbeelding-2026-06-16-om-20.41.31-960x273.png	wp-content/uploads/2026/06/Scherm-afbeelding-2026-06-16-om-20.41.31-960x273.png
wp-content/uploads/2026/06/Scherm­afbeelding-2026-06-16-om-20.41.31-320x200.png	wp-content/uploads/2026/06/Scherm-afbeelding-2026-06-16-om-20.41.31-320x200.png
wp-content/uploads/2026/06/Scherm­afbeelding-2026-06-16-om-20.41.31-768x218.png	wp-content/uploads/2026/06/Scherm-afbeelding-2026-06-16-om-20.41.31-768x218.png
wp-content/uploads/2026/06/Scherm­afbeelding-2026-06-16-om-20.41.31-1536x436.png	wp-content/uploads/2026/06/Scherm-afbeelding-2026-06-16-om-20.41.31-1536x436.png
wp-content/uploads/2026/06/Scherm­afbeelding-2026-06-16-om-20.41.31-660x300.png	wp-content/uploads/2026/06/Scherm-afbeelding-2026-06-16-om-20.41.31-660x300.png
wp-content/uploads/2026/06/Scherm­afbeelding-2026-06-16-om-20.41.31-300x85.png	wp-content/uploads/2026/06/Scherm-afbeelding-2026-06-16-om-20.41.31-300x85.png
wp-content/uploads/2026/06/Scherm­afbeelding-2026-06-16-om-20.41.31-600x170.png	wp-content/uploads/2026/06/Scherm-afbeelding-2026-06-16-om-20.41.31-600x170.png
wp-content/uploads/2026/06/Scherm­afbeelding-2026-06-16-om-20.41.31-100x100.png	wp-content/uploads/2026/06/Scherm-afbeelding-2026-06-16-om-20.41.31-100x100.png
